path,type
gs://filestore-dk/redbull/train/normal/IMG_9190.JPG,normal
gs://filestore-dk/redbull/train/normal/IMG_9197.JPG,normal
gs://filestore-dk/redbull/train/normal/IMG_9198.JPG,normal
gs://filestore-dk/redbull/train/normal/IMG_9199.JPG,normal
gs://filestore-dk/redbull/train/normal/IMG_9200.JPG,normal
gs://filestore-dk/redbull/train/normal/IMG_9202.JPG,normal
gs://filestore-dk/redbull/train/normal/IMG_9203.JPG,normal
gs://filestore-dk/redbull/train/normal/IMG_9204.JPG,normal
gs://filestore-dk/redbull/train/normal/IMG_9205.JPG,normal
gs://filestore-dk/redbull/train/normal/IMG_9209.JPG,normal
gs://filestore-dk/redbull/train/normal/IMG_9210.JPG,normal
gs://filestore-dk/redbull/train/normal/IMG_9213.JPG,normal
gs://filestore-dk/redbull/train/normal/IMG_9214.JPG,normal
gs://filestore-dk/redbull/train/normal/IMG_9216.JPG,normal
gs://filestore-dk/redbull/train/normal/IMG_9217.JPG,normal
gs://filestore-dk/redbull/train/normal/IMG_9219.JPG,normal
gs://filestore-dk/redbull/train/normal/IMG_9225.JPG,normal
gs://filestore-dk/redbull/train/normal/IMG_9226.JPG,normal
gs://filestore-dk/redbull/train/normal/IMG_9227.JPG,normal
gs://filestore-dk/redbull/train/normal/IMG_9229.JPG,normal
gs://filestore-dk/redbull/train/normal/IMG_9230.JPG,normal
gs://filestore-dk/redbull/train/normal/IMG_9231.JPG,normal
gs://filestore-dk/redbull/train/normal/IMG_9232.JPG,normal
gs://filestore-dk/redbull/train/normal/IMG_9233.JPG,normal
gs://filestore-dk/redbull/train/normal/IMG_9234.JPG,normal
gs://filestore-dk/redbull/train/normal/IMG_9235.JPG,normal
gs://filestore-dk/redbull/train/normal/IMG_9236.JPG,normal
gs://filestore-dk/redbull/train/normal/IMG_9237.JPG,normal
gs://filestore-dk/redbull/train/normal/IMG_9238.JPG,normal
gs://filestore-dk/redbull/train/normal/IMG_9239.JPG,normal
gs://filestore-dk/redbull/train/normal/IMG_9244.JPG,normal
gs://filestore-dk/redbull/train/normal/IMG_9250.JPG,normal
gs://filestore-dk/redbull/train/normal/IMG_9270.JPG,normal
gs://filestore-dk/redbull/train/normal/IMG_9272.JPG,normal
gs://filestore-dk/redbull/train/normal/IMG_9273.JPG,normal
gs://filestore-dk/redbull/train/normal/IMG_9275.JPG,normal
gs://filestore-dk/redbull/train/normal/IMG_9276.JPG,normal
gs://filestore-dk/redbull/train/normal/IMG_9278.JPG,normal
gs://filestore-dk/redbull/train/normal/IMG_9279.JPG,normal
gs://filestore-dk/redbull/train/normal/IMG_9280.JPG,normal
gs://filestore-dk/redbull/train/normal/IMG_9281.JPG,normal
gs://filestore-dk/redbull/train/normal/IMG_9282.JPG,normal
gs://filestore-dk/redbull/train/normal/IMG_9283.JPG,normal
gs://filestore-dk/redbull/train/normal/IMG_9284.JPG,normal
gs://filestore-dk/redbull/train/normal/IMG_9287.JPG,normal
gs://filestore-dk/redbull/train/normal/IMG_9298.JPG,normal
gs://filestore-dk/redbull/train/normal/IMG_9303.JPG,normal
gs://filestore-dk/redbull/train/normal/IMG_9306.JPG,normal
gs://filestore-dk/redbull/train/normal/IMG_9308.JPG,normal
gs://filestore-dk/redbull/train/normal/IMG_9309.JPG,normal
gs://filestore-dk/redbull/train/normal/IMG_9310.JPG,normal
gs://filestore-dk/redbull/train/normal/IMG_9311.JPG,normal
gs://filestore-dk/redbull/train/normal/IMG_9312.JPG,normal
gs://filestore-dk/redbull/train/normal/IMG_9313.JPG,normal
gs://filestore-dk/redbull/train/normal/IMG_9314.JPG,normal
gs://filestore-dk/redbull/train/normal/IMG_9315.JPG,normal
gs://filestore-dk/redbull/train/normal/IMG_9316.JPG,normal
gs://filestore-dk/redbull/train/normal/IMG_9317.JPG,normal
gs://filestore-dk/redbull/train/normal/IMG_9320.JPG,normal
gs://filestore-dk/redbull/train/normal/IMG_9321.JPG,normal
gs://filestore-dk/redbull/train/normal/IMG_9322.JPG,normal
gs://filestore-dk/redbull/train/normal/IMG_9323.JPG,normal
gs://filestore-dk/redbull/train/normal/IMG_9324.JPG,normal
gs://filestore-dk/redbull/train/normal/IMG_9325.JPG,normal
gs://filestore-dk/redbull/train/normal/IMG_9326.JPG,normal
gs://filestore-dk/redbull/train/normal/IMG_9327.JPG,normal
gs://filestore-dk/redbull/train/normal/IMG_9328.JPG,normal
gs://filestore-dk/redbull/train/normal/IMG_9329.JPG,normal
gs://filestore-dk/redbull/train/normal/IMG_9342.JPG,normal
gs://filestore-dk/redbull/train/normal/IMG_9344.JPG,normal
gs://filestore-dk/redbull/train/normal/IMG_9346.JPG,normal
gs://filestore-dk/redbull/train/normal/IMG_9348.JPG,normal
gs://filestore-dk/redbull/train/normal/IMG_9350.JPG,normal
gs://filestore-dk/redbull/train/normal/IMG_9351.JPG,normal
gs://filestore-dk/redbull/train/normal/IMG_9352.JPG,normal
gs://filestore-dk/redbull/train/normal/IMG_9353.JPG,normal
gs://filestore-dk/redbull/train/normal/IMG_9354.JPG,normal
gs://filestore-dk/redbull/train/normal/IMG_9355.JPG,normal
gs://filestore-dk/redbull/train/normal/IMG_9356.JPG,normal
gs://filestore-dk/redbull/train/normal/IMG_9357.JPG,normal
gs://filestore-dk/redbull/train/normal/IMG_9360.JPG,normal
gs://filestore-dk/redbull/train/normal/IMG_9363.JPG,normal
gs://filestore-dk/redbull/train/normal/IMG_9364.JPG,normal
gs://filestore-dk/redbull/train/normal/IMG_9375.JPG,normal
gs://filestore-dk/redbull/train/normal/IMG_9377.JPG,normal
gs://filestore-dk/redbull/train/normal/IMG_9381.JPG,normal
gs://filestore-dk/redbull/train/normal/IMG_9383.JPG,normal
gs://filestore-dk/redbull/train/normal/IMG_9384.JPG,normal
gs://filestore-dk/redbull/train/normal/IMG_9394.JPG,normal
gs://filestore-dk/redbull/train/normal/IMG_9395.JPG,normal
gs://filestore-dk/redbull/train/normal/IMG_9396.JPG,normal
gs://filestore-dk/redbull/train/normal/IMG_9398.JPG,normal
gs://filestore-dk/redbull/train/normal/IMG_9399.JPG,normal
gs://filestore-dk/redbull/train/normal/IMG_9402.JPG,normal
gs://filestore-dk/redbull/train/normal/IMG_9404.JPG,normal
gs://filestore-dk/redbull/train/normal/IMG_9406.JPG,normal
gs://filestore-dk/redbull/train/normal/IMG_9407.JPG,normal
gs://filestore-dk/redbull/train/normal/IMG_9409.JPG,normal
gs://filestore-dk/redbull/train/normal/IMG_9410.JPG,normal
gs://filestore-dk/redbull/train/normal/IMG_9413.JPG,normal
gs://filestore-dk/redbull/train/normal/IMG_9414.JPG,normal
gs://filestore-dk/redbull/train/normal/IMG_9418.JPG,normal
gs://filestore-dk/redbull/train/normal/IMG_9420.JPG,normal
gs://filestore-dk/redbull/train/normal/IMG_9421.JPG,normal
gs://filestore-dk/redbull/train/normal/IMG_9422.JPG,normal
gs://filestore-dk/redbull/train/normal/IMG_9423.JPG,normal
gs://filestore-dk/redbull/train/normal/IMG_9425.JPG,normal
gs://filestore-dk/redbull/train/normal/IMG_9429.JPG,normal
gs://filestore-dk/redbull/train/normal/IMG_9430.JPG,normal
gs://filestore-dk/redbull/train/normal/IMG_9435.JPG,normal
gs://filestore-dk/redbull/train/normal/IMG_9436.JPG,normal
gs://filestore-dk/redbull/train/normal/IMG_9437.JPG,normal
gs://filestore-dk/redbull/train/normal/IMG_9438.JPG,normal
gs://filestore-dk/redbull/train/normal/IMG_9439.JPG,normal
gs://filestore-dk/redbull/train/normal/IMG_9440.JPG,normal
gs://filestore-dk/redbull/train/normal/IMG_9441.JPG,normal
gs://filestore-dk/redbull/train/normal/IMG_9442.JPG,normal
gs://filestore-dk/redbull/train/normal/IMG_9443.JPG,normal
gs://filestore-dk/redbull/train/normal/IMG_9447.JPG,normal
gs://filestore-dk/redbull/train/normal/IMG_9448.JPG,normal
gs://filestore-dk/redbull/train/normal/IMG_9450.JPG,normal
gs://filestore-dk/redbull/train/normal/IMG_9454.JPG,normal
gs://filestore-dk/redbull/train/normal/IMG_9455.JPG,normal
gs://filestore-dk/redbull/train/normal/IMG_9459.JPG,normal
gs://filestore-dk/redbull/train/normal/IMG_9460.JPG,normal
gs://filestore-dk/redbull/train/normal/IMG_9471.JPG,normal
gs://filestore-dk/redbull/train/normal/IMG_9508.JPG,normal
gs://filestore-dk/redbull/train/normal/IMG_9525.JPG,normal
gs://filestore-dk/redbull/train/normal/IMG_9537.JPG,normal
gs://filestore-dk/redbull/train/normal/IMG_9543.JPG,normal
gs://filestore-dk/redbull/train/normal/IMG_9544.JPG,normal
gs://filestore-dk/redbull/train/normal/IMG_9546.JPG,normal
gs://filestore-dk/redbull/train/normal/IMG_9548.JPG,normal
gs://filestore-dk/redbull/train/normal/IMG_9549.JPG,normal
gs://filestore-dk/redbull/train/normal/IMG_9560.JPG,normal
gs://filestore-dk/redbull/train/normal/IMG_9561.JPG,normal
gs://filestore-dk/redbull/train/normal/IMG_9563.JPG,normal
gs://filestore-dk/redbull/train/normal/IMG_9568.JPG,normal
gs://filestore-dk/redbull/train/normal/IMG_9569.JPG,normal
gs://filestore-dk/redbull/train/normal/IMG_9570.JPG,normal
gs://filestore-dk/redbull/train/normal/IMG_9572.JPG,normal
gs://filestore-dk/redbull/train/normal/IMG_9592.JPG,normal
gs://filestore-dk/redbull/train/normal/normal1.jpg,normal
gs://filestore-dk/redbull/train/normal/normal10.jpg,normal
gs://filestore-dk/redbull/train/normal/normal11.jpg,normal
gs://filestore-dk/redbull/train/normal/normal12.jpg,normal
gs://filestore-dk/redbull/train/normal/normal13.jpg,normal
gs://filestore-dk/redbull/train/normal/normal14.jpg,normal
gs://filestore-dk/redbull/train/normal/normal2.jpg,normal
gs://filestore-dk/redbull/train/normal/normal26.jpg,normal
gs://filestore-dk/redbull/train/normal/normal27.jpg,normal
gs://filestore-dk/redbull/train/normal/normal28.jpg,normal
gs://filestore-dk/redbull/train/normal/normal29.jpg,normal
gs://filestore-dk/redbull/train/normal/normal3.jpg,normal
gs://filestore-dk/redbull/train/normal/normal30.jpg,normal
gs://filestore-dk/redbull/train/normal/normal31.jpg,normal
gs://filestore-dk/redbull/train/normal/normal32.jpg,normal
gs://filestore-dk/redbull/train/normal/normal33.jpg,normal
gs://filestore-dk/redbull/train/normal/normal34.jpg,normal
gs://filestore-dk/redbull/train/normal/normal35.jpg,normal
gs://filestore-dk/redbull/train/normal/normal4.jpg,normal
gs://filestore-dk/redbull/train/normal/normal5.jpg,normal
gs://filestore-dk/redbull/train/normal/normal6.jpg,normal
gs://filestore-dk/redbull/train/normal/normal7.jpeg,normal
gs://filestore-dk/redbull/train/normal/normal8.jpg,normal
gs://filestore-dk/redbull/train/normal/normal9.jpg,normal
gs://filestore-dk/redbull/train/sugar_free/.DS_Store,sugar_free
gs://filestore-dk/redbull/train/sugar_free/IMG_8864.JPG,sugar_free
gs://filestore-dk/redbull/train/sugar_free/IMG_8865.JPG,sugar_free
gs://filestore-dk/redbull/train/sugar_free/IMG_8866.JPG,sugar_free
gs://filestore-dk/redbull/train/sugar_free/IMG_8867.JPG,sugar_free
gs://filestore-dk/redbull/train/sugar_free/IMG_8868.JPG,sugar_free
gs://filestore-dk/redbull/train/sugar_free/IMG_8869.JPG,sugar_free
gs://filestore-dk/redbull/train/sugar_free/IMG_8870.JPG,sugar_free
gs://filestore-dk/redbull/train/sugar_free/IMG_8871.JPG,sugar_free
gs://filestore-dk/redbull/train/sugar_free/IMG_8872.JPG,sugar_free
gs://filestore-dk/redbull/train/sugar_free/IMG_8873.JPG,sugar_free
gs://filestore-dk/redbull/train/sugar_free/IMG_8874.JPG,sugar_free
gs://filestore-dk/redbull/train/sugar_free/IMG_8875.JPG,sugar_free
gs://filestore-dk/redbull/train/sugar_free/IMG_8876.JPG,sugar_free
gs://filestore-dk/redbull/train/sugar_free/IMG_8877.JPG,sugar_free
gs://filestore-dk/redbull/train/sugar_free/IMG_8878.JPG,sugar_free
gs://filestore-dk/redbull/train/sugar_free/IMG_8879.JPG,sugar_free
gs://filestore-dk/redbull/train/sugar_free/IMG_8880.JPG,sugar_free
gs://filestore-dk/redbull/train/sugar_free/IMG_8881.JPG,sugar_free
gs://filestore-dk/redbull/train/sugar_free/IMG_8882.JPG,sugar_free
gs://filestore-dk/redbull/train/sugar_free/IMG_8883.JPG,sugar_free
gs://filestore-dk/redbull/train/sugar_free/IMG_8884.JPG,sugar_free
gs://filestore-dk/redbull/train/sugar_free/IMG_8885.JPG,sugar_free
gs://filestore-dk/redbull/train/sugar_free/IMG_8886.JPG,sugar_free
gs://filestore-dk/redbull/train/sugar_free/IMG_8887.JPG,sugar_free
gs://filestore-dk/redbull/train/sugar_free/IMG_8888.JPG,sugar_free
gs://filestore-dk/redbull/train/sugar_free/IMG_8889.JPG,sugar_free
gs://filestore-dk/redbull/train/sugar_free/IMG_8890.JPG,sugar_free
gs://filestore-dk/redbull/train/sugar_free/IMG_8891.JPG,sugar_free
gs://filestore-dk/redbull/train/sugar_free/IMG_8892.JPG,sugar_free
gs://filestore-dk/redbull/train/sugar_free/IMG_8893.JPG,sugar_free
gs://filestore-dk/redbull/train/sugar_free/IMG_8894.JPG,sugar_free
gs://filestore-dk/redbull/train/sugar_free/IMG_8895.JPG,sugar_free
gs://filestore-dk/redbull/train/sugar_free/IMG_8896.JPG,sugar_free
gs://filestore-dk/redbull/train/sugar_free/IMG_8897.JPG,sugar_free
gs://filestore-dk/redbull/train/sugar_free/IMG_8898.JPG,sugar_free
gs://filestore-dk/redbull/train/sugar_free/IMG_8899.JPG,sugar_free
gs://filestore-dk/redbull/train/sugar_free/IMG_8900.JPG,sugar_free
gs://filestore-dk/redbull/train/sugar_free/IMG_8901.JPG,sugar_free
gs://filestore-dk/redbull/train/sugar_free/IMG_8902.JPG,sugar_free
gs://filestore-dk/redbull/train/sugar_free/IMG_8903.JPG,sugar_free
gs://filestore-dk/redbull/train/sugar_free/IMG_8904.JPG,sugar_free
gs://filestore-dk/redbull/train/sugar_free/IMG_8905.JPG,sugar_free
gs://filestore-dk/redbull/train/sugar_free/IMG_8906.JPG,sugar_free
gs://filestore-dk/redbull/train/sugar_free/IMG_8908.JPG,sugar_free
gs://filestore-dk/redbull/train/sugar_free/IMG_8914.JPG,sugar_free
gs://filestore-dk/redbull/train/sugar_free/IMG_8915.JPG,sugar_free
gs://filestore-dk/redbull/train/sugar_free/IMG_8916.JPG,sugar_free
gs://filestore-dk/redbull/train/sugar_free/IMG_8917.JPG,sugar_free
gs://filestore-dk/redbull/train/sugar_free/IMG_8918.JPG,sugar_free
gs://filestore-dk/redbull/train/sugar_free/IMG_8919.JPG,sugar_free
gs://filestore-dk/redbull/train/sugar_free/IMG_8920.JPG,sugar_free
gs://filestore-dk/redbull/train/sugar_free/IMG_8921.JPG,sugar_free
gs://filestore-dk/redbull/train/sugar_free/IMG_8922.JPG,sugar_free
gs://filestore-dk/redbull/train/sugar_free/IMG_8923.JPG,sugar_free
gs://filestore-dk/redbull/train/sugar_free/IMG_8924.JPG,sugar_free
gs://filestore-dk/redbull/train/sugar_free/IMG_8930.JPG,sugar_free
gs://filestore-dk/redbull/train/sugar_free/IMG_8931.JPG,sugar_free
gs://filestore-dk/redbull/train/sugar_free/IMG_8936.JPG,sugar_free
gs://filestore-dk/redbull/train/sugar_free/IMG_8937.JPG,sugar_free
gs://filestore-dk/redbull/train/sugar_free/IMG_8938.JPG,sugar_free
gs://filestore-dk/redbull/train/sugar_free/IMG_8939.JPG,sugar_free
gs://filestore-dk/redbull/train/sugar_free/IMG_8945.JPG,sugar_free
gs://filestore-dk/redbull/train/sugar_free/IMG_8947.JPG,sugar_free
gs://filestore-dk/redbull/train/sugar_free/IMG_8948.JPG,sugar_free
gs://filestore-dk/redbull/train/sugar_free/IMG_8951.JPG,sugar_free
gs://filestore-dk/redbull/train/sugar_free/IMG_8952.JPG,sugar_free
gs://filestore-dk/redbull/train/sugar_free/IMG_8953.JPG,sugar_free
gs://filestore-dk/redbull/train/sugar_free/IMG_8954.JPG,sugar_free
gs://filestore-dk/redbull/train/sugar_free/IMG_8959.JPG,sugar_free
gs://filestore-dk/redbull/train/sugar_free/IMG_8962.JPG,sugar_free
gs://filestore-dk/redbull/train/sugar_free/IMG_8964.JPG,sugar_free
gs://filestore-dk/redbull/train/sugar_free/IMG_8965.JPG,sugar_free
gs://filestore-dk/redbull/train/sugar_free/IMG_8967.JPG,sugar_free
gs://filestore-dk/redbull/train/sugar_free/IMG_8968.JPG,sugar_free
gs://filestore-dk/redbull/train/sugar_free/IMG_8969.JPG,sugar_free
gs://filestore-dk/redbull/train/sugar_free/IMG_8970.JPG,sugar_free
gs://filestore-dk/redbull/train/sugar_free/IMG_8971.JPG,sugar_free
gs://filestore-dk/redbull/train/sugar_free/IMG_8972.JPG,sugar_free
gs://filestore-dk/redbull/train/sugar_free/IMG_8973.JPG,sugar_free
gs://filestore-dk/redbull/train/sugar_free/IMG_8975.JPG,sugar_free
gs://filestore-dk/redbull/train/sugar_free/IMG_8976.JPG,sugar_free
gs://filestore-dk/redbull/train/sugar_free/IMG_8977.JPG,sugar_free
gs://filestore-dk/redbull/train/sugar_free/IMG_8978.JPG,sugar_free
gs://filestore-dk/redbull/train/sugar_free/IMG_8979.JPG,sugar_free
gs://filestore-dk/redbull/train/sugar_free/IMG_8981.JPG,sugar_free
gs://filestore-dk/redbull/train/sugar_free/IMG_8983.JPG,sugar_free
gs://filestore-dk/redbull/train/sugar_free/IMG_8985.JPG,sugar_free
gs://filestore-dk/redbull/train/sugar_free/IMG_8987.JPG,sugar_free
gs://filestore-dk/redbull/train/sugar_free/IMG_8991.JPG,sugar_free
gs://filestore-dk/redbull/train/sugar_free/IMG_8992.JPG,sugar_free
gs://filestore-dk/redbull/train/sugar_free/IMG_9011.JPG,sugar_free
gs://filestore-dk/redbull/train/sugar_free/IMG_9016.JPG,sugar_free
gs://filestore-dk/redbull/train/sugar_free/IMG_9017.JPG,sugar_free
gs://filestore-dk/redbull/train/sugar_free/IMG_9020.JPG,sugar_free
gs://filestore-dk/redbull/train/sugar_free/IMG_9032.JPG,sugar_free
gs://filestore-dk/redbull/train/sugar_free/IMG_9033.JPG,sugar_free
gs://filestore-dk/redbull/train/sugar_free/IMG_9034.JPG,sugar_free
gs://filestore-dk/redbull/train/sugar_free/IMG_9035.JPG,sugar_free
gs://filestore-dk/redbull/train/sugar_free/IMG_9036.JPG,sugar_free
gs://filestore-dk/redbull/train/sugar_free/IMG_9037.JPG,sugar_free
gs://filestore-dk/redbull/train/sugar_free/IMG_9041.JPG,sugar_free
gs://filestore-dk/redbull/train/sugar_free/IMG_9045.JPG,sugar_free
gs://filestore-dk/redbull/train/sugar_free/IMG_9051.JPG,sugar_free
gs://filestore-dk/redbull/train/sugar_free/IMG_9055.JPG,sugar_free
gs://filestore-dk/redbull/train/sugar_free/IMG_9058.JPG,sugar_free
gs://filestore-dk/redbull/train/sugar_free/IMG_9064.JPG,sugar_free
gs://filestore-dk/redbull/train/sugar_free/IMG_9066.JPG,sugar_free
gs://filestore-dk/redbull/train/sugar_free/IMG_9068.JPG,sugar_free
gs://filestore-dk/redbull/train/sugar_free/IMG_9069.JPG,sugar_free
gs://filestore-dk/redbull/train/sugar_free/IMG_9071.JPG,sugar_free
gs://filestore-dk/redbull/train/sugar_free/IMG_9072.JPG,sugar_free
gs://filestore-dk/redbull/train/sugar_free/IMG_9077.JPG,sugar_free
gs://filestore-dk/redbull/train/sugar_free/IMG_9078.JPG,sugar_free
gs://filestore-dk/redbull/train/sugar_free/IMG_9082.JPG,sugar_free
gs://filestore-dk/redbull/train/sugar_free/IMG_9083.JPG,sugar_free
gs://filestore-dk/redbull/train/sugar_free/IMG_9091.JPG,sugar_free
gs://filestore-dk/redbull/train/sugar_free/IMG_9092.JPG,sugar_free
gs://filestore-dk/redbull/train/sugar_free/IMG_9093.JPG,sugar_free
gs://filestore-dk/redbull/train/sugar_free/IMG_9096.JPG,sugar_free
gs://filestore-dk/redbull/train/sugar_free/IMG_9099.JPG,sugar_free
gs://filestore-dk/redbull/train/sugar_free/IMG_9100.JPG,sugar_free
gs://filestore-dk/redbull/train/sugar_free/IMG_9102.JPG,sugar_free
gs://filestore-dk/redbull/train/sugar_free/IMG_9107.JPG,sugar_free
gs://filestore-dk/redbull/train/sugar_free/IMG_9110.JPG,sugar_free
gs://filestore-dk/redbull/train/sugar_free/IMG_9118.JPG,sugar_free
gs://filestore-dk/redbull/train/sugar_free/IMG_9124.JPG,sugar_free
gs://filestore-dk/redbull/train/sugar_free/IMG_9128.JPG,sugar_free
gs://filestore-dk/redbull/train/sugar_free/IMG_9151.JPG,sugar_free
gs://filestore-dk/redbull/train/sugar_free/IMG_9157.JPG,sugar_free
gs://filestore-dk/redbull/train/sugar_free/IMG_9159.JPG,sugar_free
gs://filestore-dk/redbull/train/sugar_free/IMG_9160.JPG,sugar_free
gs://filestore-dk/redbull/train/sugar_free/IMG_9161.JPG,sugar_free
gs://filestore-dk/redbull/train/sugar_free/IMG_9163.JPG,sugar_free
gs://filestore-dk/redbull/train/sugar_free/IMG_9164.JPG,sugar_free
gs://filestore-dk/redbull/train/sugar_free/IMG_9167.JPG,sugar_free
gs://filestore-dk/redbull/train/sugar_free/IMG_9168.JPG,sugar_free
gs://filestore-dk/redbull/train/sugar_free/IMG_9170.JPG,sugar_free
gs://filestore-dk/redbull/train/sugar_free/IMG_9174.JPG,sugar_free
gs://filestore-dk/redbull/train/sugar_free/IMG_9175.JPG,sugar_free
gs://filestore-dk/redbull/train/sugar_free/IMG_9179.JPG,sugar_free
gs://filestore-dk/redbull/train/sugar_free/IMG_9182.JPG,sugar_free
gs://filestore-dk/redbull/train/sugar_free/sugar_free10.jpg,sugar_free
gs://filestore-dk/redbull/train/sugar_free/sugar_free11.jpg,sugar_free
gs://filestore-dk/redbull/train/sugar_free/sugar_free12.jpg,sugar_free
gs://filestore-dk/redbull/train/sugar_free/sugar_free13.jpg,sugar_free
gs://filestore-dk/redbull/train/sugar_free/sugar_free14.jpg,sugar_free
gs://filestore-dk/redbull/train/sugar_free/sugar_free15.jpg,sugar_free
gs://filestore-dk/redbull/train/sugar_free/sugar_free2.jpg,sugar_free
gs://filestore-dk/redbull/train/sugar_free/sugar_free26.jpg,sugar_free
gs://filestore-dk/redbull/train/sugar_free/sugar_free27.jpg,sugar_free
gs://filestore-dk/redbull/train/sugar_free/sugar_free28.jpg,sugar_free
gs://filestore-dk/redbull/train/sugar_free/sugar_free29.jpg,sugar_free
gs://filestore-dk/redbull/train/sugar_free/sugar_free3.jpg,sugar_free
gs://filestore-dk/redbull/train/sugar_free/sugar_free30.jpg,sugar_free
gs://filestore-dk/redbull/train/sugar_free/sugar_free31.jpg,sugar_free
gs://filestore-dk/redbull/train/sugar_free/sugar_free32.jpg,sugar_free
gs://filestore-dk/redbull/train/sugar_free/sugar_free33.jpg,sugar_free
gs://filestore-dk/redbull/train/sugar_free/sugar_free34.jpg,sugar_free
gs://filestore-dk/redbull/train/sugar_free/sugar_free35.jpg,sugar_free
gs://filestore-dk/redbull/train/sugar_free/sugar_free4.jpg,sugar_free
gs://filestore-dk/redbull/train/sugar_free/sugar_free5.jpg,sugar_free
gs://filestore-dk/redbull/train/sugar_free/sugar_free6.jpg,sugar_free
gs://filestore-dk/redbull/train/sugar_free/sugar_free7.jpg,sugar_free
gs://filestore-dk/redbull/train/sugar_free/sugar_free8.jpg,sugar_free
gs://filestore-dk/redbull/train/sugar_free/sugar_free9.jpg,sugar_free
gs://filestore-dk/redbull/train/sugar_free/suger_free1.jpg,sugar_free
gs://filestore-dk/redbull/validation/.DS_Store,validation
gs://filestore-dk/redbull/validation/normal/normal15.jpg,normal
gs://filestore-dk/redbull/validation/normal/normal16.jpg,normal
gs://filestore-dk/redbull/validation/normal/normal17.jpg,normal
gs://filestore-dk/redbull/validation/normal/normal18.jpg,normal
gs://filestore-dk/redbull/validation/normal/normal19.jpg,normal
gs://filestore-dk/redbull/validation/normal/normal20.jpg,normal
gs://filestore-dk/redbull/validation/normal/normal21.jpg,normal
gs://filestore-dk/redbull/validation/normal/normal22.jpg,normal
gs://filestore-dk/redbull/validation/normal/normal23.jpg,normal
gs://filestore-dk/redbull/validation/normal/normal24.jpg,normal
gs://filestore-dk/redbull/validation/normal/normal25.jpg,normal
gs://filestore-dk/redbull/validation/sugar_free/sugar_free16.jpg,sugar_free
gs://filestore-dk/redbull/validation/sugar_free/sugar_free17.jpg,sugar_free
gs://filestore-dk/redbull/validation/sugar_free/sugar_free18.jpg,sugar_free
gs://filestore-dk/redbull/validation/sugar_free/sugar_free18.png,sugar_free
gs://filestore-dk/redbull/validation/sugar_free/sugar_free19.jpg,sugar_free
gs://filestore-dk/redbull/validation/sugar_free/sugar_free20.jpg,sugar_free
gs://filestore-dk/redbull/validation/sugar_free/sugar_free21.jpg,sugar_free
gs://filestore-dk/redbull/validation/sugar_free/sugar_free22.jpg,sugar_free
gs://filestore-dk/redbull/validation/sugar_free/sugar_free23.jpg,sugar_free
gs://filestore-dk/redbull/validation/sugar_free/sugar_free24.jpg,sugar_free
gs://filestore-dk/redbull/validation/sugar_free/sugar_free25.jpg,sugar_free
